<?xml version="1.0" encoding="UTF-8"?>
<project-private xmlns="http://www.netbeans.org/ns/project-private/1">
    <editor-bookmarks xmlns="http://www.netbeans.org/ns/editor-bookmarks/2" lastBookmarkId="0"/>
    <open-files xmlns="http://www.netbeans.org/ns/projectui-open-files/2">
        <group>
            <file>file:/C:/Users/jpcar/OneDrive/Escritorio/exa2p3_LOCAL_Final/frontend_exa2/src/CONTROLADORA_pack/Controladora.java</file>
            <file>file:/C:/Users/jpcar/OneDrive/Escritorio/exa2p3_LOCAL_Final/frontend_exa2/src/Vista/cv.java</file>
        </group>
    </open-files>
</project-private>
