<?xml version="1.0" encoding="UTF-8"?>
<project-private xmlns="http://www.netbeans.org/ns/project-private/1">
    <editor-bookmarks xmlns="http://www.netbeans.org/ns/editor-bookmarks/1"/>
    <editor-bookmarks xmlns="http://www.netbeans.org/ns/editor-bookmarks/2" lastBookmarkId="0"/>
    <open-files xmlns="http://www.netbeans.org/ns/projectui-open-files/2">
        <group>
            <file>file:/C:/Users/jpcar/OneDrive/Escritorio/Progra_3/Observador/1-Ejm%20JTable/solucion/src/Modelo/TablaDatos.java</file>
            <file>file:/C:/Users/jpcar/OneDrive/Escritorio/Progra_3/Observador/1-Ejm%20JTable/solucion/src/Vista/Ventana.java</file>
            <file>file:/C:/Users/jpcar/OneDrive/Escritorio/Progra_3/Observador/1-Ejm%20JTable/solucion/src/Control/ObserverNotificado.java</file>
            <file>file:/C:/Users/jpcar/OneDrive/Escritorio/Progra_3/Observador/1-Ejm%20JTable/solucion/src/Control/Observer.java</file>
            <file>file:/C:/Users/jpcar/OneDrive/Escritorio/Progra_3/Observador/1-Ejm%20JTable/solucion/src/Control/Principal.java</file>
            <file>file:/C:/Users/jpcar/OneDrive/Escritorio/Progra_3/Observador/1-Ejm%20JTable/solucion/src/Control/Control.java</file>
            <file>file:/C:/Users/jpcar/OneDrive/Escritorio/Progra_3/Observador/1-Ejm%20JTable/solucion/src/Vista/panelEdad.java</file>
        </group>
    </open-files>
</project-private>
