<?xml version="1.0" encoding="UTF-8"?>
<project-private xmlns="http://www.netbeans.org/ns/project-private/1">
    <editor-bookmarks xmlns="http://www.netbeans.org/ns/editor-bookmarks/2" lastBookmarkId="0"/>
    <open-files xmlns="http://www.netbeans.org/ns/projectui-open-files/2">
        <group>
            <file>file:/C:/Users/jpcar/OneDrive/Escritorio/Back_Front_final/Back_Front/Back_Front/BackEnd/src/Controladora_Servidor/ConnectionSQL.java</file>
            <file>file:/C:/Users/jpcar/OneDrive/Escritorio/Back_Front_final/Back_Front/Back_Front/BackEnd/src/Controladora_Servidor/ServidorConexion.java</file>
        </group>
    </open-files>
</project-private>
